{
  "model_name": "DistilBERT Teacher",
  "model_source": "karths/binary_classification_train_TD",
  "device": "cuda",
  "batch_size": 32,
  "test_samples": 200,
  "inference_time_seconds": 2.8621363639831543,
  "inference_time_ms_per_sample": 14.310681819915771,
  "throughput_samples_per_sec": 69.87787252794121,
  "inference_emissions_kg": 3.2133285693896165e-05,
  "inference_emissions_g": 0.03213328569389617,
  "inference_emissions_mg_per_sample": 0.16066642846948084,
  "accuracy": 0.785,
  "precision": 0.7478260869565218,
  "recall": 0.86,
  "f1_score": 0.8,
  "roc_auc": 0.86865,
  "pr_auc": 0.8471845260011803,
  "efficiency_f1_per_ms": 0.05590229802235297,
  "carbon_efficiency_f1_per_mg_co2": 4.9792604940612275
}